<?xml version="1.0" encoding="UTF-8"?>

<configuration>
    <include resource="org/springframework/boot/logging/logback/defaults.xml"/>
    <springProperty  name="springAppName" source="spring.application.name"/>
    <springProperty  name="splunkUrl" source="splunk.url"/>
    <springProperty  name="splunkToken" source="splunk.token"/>
    <!-- Example for logging into the build folder of your project -->
    <property name="LOG_FILE" value="${BUILD_FOLDER:-build}/${springAppName:-ui-service}"/>​

    <property name="CONSOLE_LOG_PATTERN"
              value="%clr(%d{yyyy-MM-dd HH:mm:ss.SSS}){faint} %clr(${LOG_LEVEL_PATTERN:-%5p}) %clr([${springAppName:-},%X{X-B3-TraceId:-},%X{X-B3-SpanId:-},%X{X-B3-ParentSpanId:-},%X{X-Span-Export:-}]){yellow} %clr(${PID:- }){magenta} %clr(---){faint} %clr([%15.15t]){faint} %clr(%-40.40logger{39}){cyan} %clr(:){faint} %m%n${LOG_EXCEPTION_CONVERSION_WORD:-%wEx}"/>

    <!-- Appender to log to console -->
    <appender name="console" class="ch.qos.logback.core.ConsoleAppender">
        <filter class="ch.qos.logback.classic.filter.ThresholdFilter">
            <!-- Minimum logging level to be presented in the console logs-->
            <level>DEBUG</level>
        </filter>
        <encoder>
            <pattern>${CONSOLE_LOG_PATTERN}</pattern>
            <charset>utf8</charset>
        </encoder>
    </appender>

    <!-- Appender to log to file -->​
    <appender name="file" class="ch.qos.logback.core.rolling.RollingFileAppender">
        <file>${LOG_FILE}</file>
        <rollingPolicy class="ch.qos.logback.core.rolling.TimeBasedRollingPolicy">
            <fileNamePattern>${LOG_FILE}/ui-services.log.%d{yyyy-MM-dd}.%i</fileNamePattern>
            <timeBasedFileNamingAndTriggeringPolicy
                class="ch.qos.logback.core.rolling.SizeAndTimeBasedFNATP">
                <maxFileSize>500MB</maxFileSize>
            </timeBasedFileNamingAndTriggeringPolicy>
            <maxHistory>30</maxHistory>
        </rollingPolicy>
        <encoder>
            <pattern>${CONSOLE_LOG_PATTERN}</pattern>
            <charset>utf8</charset>
        </encoder>
    </appender>

    <springProfile name="prod,standalone">
        <Appender name="splunk" class="com.splunk.logging.HttpEventCollectorLogbackAppender">
            <url>${splunkUrl:-http://XVMDAASCW7-053:8088}</url>
            <token>${splunkToken:-D80B4B7E-462A-4F5B-A59F-FB6F148B696A}</token>
            <disableCertificateValidation>true</disableCertificateValidation>
            <layout class="ch.qos.logback.classic.PatternLayout">
                <pattern>%msg</pattern>
            </layout>
        </Appender>
        <logger name="com.centurylink.pctl" level="${logback.loglevel}" >
            <appender-ref ref="splunk"/>
        </logger>
        <root level="${logback.loglevel}">
            <appender-ref ref="console"/>
            <appender-ref ref="file"/>
            <appender-ref ref="splunk"/>
        </root>
    </springProfile>


    <springProfile name="cloud">
        <root level="${logback.loglevel}">
            <appender-ref ref="console"/>
            <appender-ref ref="file"/>
        </root>
    </springProfile>


  <logger name="org.mongodb.driver.cluster" level="WARN"/>
  <logger name="org.mongodb.driver" level="WARN"/>
  <logger name="com.netflix.discovery.DiscoveryClient" level="WARN"/>
  <logger name=" c.n.d.shared.NamedConnectionPool" level="WARN"/>
  <logger name=" c.n.d.shared" level="WARN"/>

  <logger name="javax.activation" level="WARN"/>
    <logger name="javax.mail" level="WARN"/>
    <logger name="javax.xml.bind" level="WARN"/>
    <logger name="ch.qos.logback" level="WARN"/>
    <logger name="com.codahale.metrics" level="WARN"/>
    <logger name="com.ryantenney" level="WARN"/>
    <logger name="com.sun.xml.internal.bind" level="WARN"/>
    <logger name="com.zaxxer" level="WARN"/>
    <logger name="io.undertow" level="WARN"/>
    <logger name="org.apache" level="WARN"/>
    <logger name="org.apache.catalina.startup.DigesterFactory" level="OFF"/>
    <logger name="org.springframework" level="WARN"/>
    <logger name="org.springframework.web" level="WARN"/>
    <logger name="org.springframework.security" level="WARN"/>
    <logger name="org.springframework.cache" level="WARN"/>
    <logger name="org.thymeleaf" level="WARN"/>
    <logger name="org.springframework.beans.TypeConverterDelegate">
        <level value="error" />
    </logger>

    <contextListener class="ch.qos.logback.classic.jul.LevelChangePropagator">
        <resetJUL>true</resetJUL>
    </contextListener>


</configuration>
